<annotation>
  <folder>images</folder>
  <filename>image273.jpg</filename>
  <segmented>0</segmented>
  <size>
    <width>544</width>
    <height>960</height>
    <depth>3</depth>
  </size>
  <object>
    <name>shirt</name>
    <pose>Unspecified</pose>
    <truncated>0</truncated>
    <difficult>0</difficult>
    <bndbox>
      <xmin>92</xmin>
      <ymin>360</ymin>
      <xmax>261</xmax>
      <ymax>486</ymax>
    </bndbox>
  </object>
  <object>
    <name>shirt</name>
    <pose>Unspecified</pose>
    <truncated>0</truncated>
    <difficult>0</difficult>
    <bndbox>
      <xmin>92</xmin>
      <ymin>360</ymin>
      <xmax>261</xmax>
      <ymax>486</ymax>
    </bndbox>
  </object>
</annotation>
